# Document_ID	Mention_A_type	Mention_A_StartOffset	Mention_A_EndOffset	Mention_A	Relation_type	Mention_B_type	Mention_B_StartOffset	Mention_B_EndOffset	Mention_B
S0211-69952013000500019-1	SHORT_FORM	3739	3745	ARA II	SHORT-LONG	LONG_FORM	3695	3737	antagonista del receptor de angiotesina II
S0211-69952013000500019-1	SHORT_FORM	2793	2796	PCR	SHORT-LONG	LONG_FORM	2798	2837	reacción en cadena de enzima polimerasa
S0365-66912004000600008-1	SHORT_FORM	406	408	AV	SHORT-LONG	LONG_FORM	390	404	agudeza visual
S0211-69952012000500025-1	SHORT_FORM	945	954	angio-TAC	SHORT-LONG	LONG_FORM	908	943	angiotomografía computarizada axial
S1130-05582017000200122-1	SHORT_FORM	940	943	RMN	SHORT-LONG	LONG_FORM	910	938	resonancia magnética nuclear
S0212-71992006000900007-1	SHORT_FORM	1683	1685	TC	SHORT-LONG	LONG_FORM	1657	1681	tomografía computerizada
S1130-63432014000100011-1	SHORT_FORM	1049	1053	PASI	SHORT-LONG	LONG_FORM	1014	1047	Psoriasis Area and Severity Index
S0365-66912010000300005-1	SHORT_FORM	105	107	OD	SHORT-LONG	LONG_FORM	92	103	ojo derecho
S0365-66912010000300005-1	SHORT_FORM	407	409	PL	SHORT-LONG	LONG_FORM	388	405	percepción de luz
S0365-66912010000300005-1	SHORT_FORM	431	433	OI	SHORT-LONG	LONG_FORM	416	429	ojo izquierdo
S0365-66912010000300005-1	SHORT_FORM	725	728	AFG	SHORT-LONG	LONG_FORM	701	723	angiofluoresceingrafía
S0365-66912010000300005-1	SHORT_FORM	933	936	MNV	SHORT-LONG	LONG_FORM	911	931	membrana neovascular
S0365-66912010000300005-1	SHORT_FORM	1107	1110	SF6	SHORT-LONG	LONG_FORM	1083	1105	hexafluoruro de azufre
S0365-66912010000300005-1	SHORT_FORM	84	86	AV	SHORT-LONG	LONG_FORM	68	82	agudeza visual
S1137-66272013000300020-1	SHORT_FORM	1883	1886	IBP	SHORT-LONG	LONG_FORM	1846	1881	inhibidores de la bomba de protones
S0210-48062004000200011-1	SHORT_FORM	3597	3601	CHOP	SHORT-LONG	LONG_FORM	3603	3657	ciclofosfamida, doxorrubicina, vincristina, prednisona
S0210-48062004000200011-1	SHORT_FORM	1154	1157	LDH	SHORT-LONG	LONG_FORM	1130	1152	Lactato deshidrogenosa
S1130-05582015000300007-1	SHORT_FORM	670	678	ECO-PAAF	SHORT-LONG	LONG_FORM	614	668	punción-aspiración con aguja fina guiada por ecografía
S0365-66912007000200009-1	SHORT_FORM	583	585	OI	SHORT-LONG	LONG_FORM	568	581	ojo izquierdo
S0365-66912007000200009-1	SHORT_FORM	941	944	VSG	SHORT-LONG	LONG_FORM	904	939	velocidad de sedimentación globular
S0365-66912007000200009-1	SHORT_FORM	557	559	OD	SHORT-LONG	LONG_FORM	544	555	ojo derecho
S0210-48062006000300014-1	SHORT_FORM	3047	3050	NSE	SHORT-LONG	LONG_FORM	3018	3045	enolasa neuronal específica
S0210-48062003000800013-1	SHORT_FORM	2518	2526	P.A.A.F.	SHORT-LONG	LONG_FORM	2483	2516	punción aspiración por aguja fina
S0210-48062003000800013-1	SHORT_FORM	1129	1135	T.A.C.	SHORT-LONG	LONG_FORM	1078	1108	tomografía axial computerizada
S1130-05582013000200006-1	SHORT_FORM	857	859	RM	SHORT-LONG	LONG_FORM	835	855	resonancia magnética
S1130-05582013000200006-1	SHORT_FORM	1123	1126	PET	SHORT-LONG	LONG_FORM	1085	1121	tomografía por emisión de positrones
S1130-05582013000200006-1	SHORT_FORM	1675	1678	EMA	SHORT-LONG	LONG_FORM	1643	1673	antígeno epitelial de membrana
S1130-05582013000200006-1	SHORT_FORM	705	709	PAAF	SHORT-LONG	LONG_FORM	669	703	punción -aspiración con aguja fina
S0365-66912004001200011-1	SHORT_FORM	696	698	DR	SHORT-LONG	LONG_FORM	669	694	desprendimiento de retina
S0365-66912007000900009-1	SHORT_FORM	1038	1041	OCT	SHORT-LONG	LONG_FORM	1005	1036	tomografía óptica de coherencia
S0365-66912007000900009-1	SHORT_FORM	764	767	EPR	SHORT-LONG	LONG_FORM	729	762	epitelio pigmentario de la retina
S1130-14732005000400007-1	SHORT_FORM	1065	1067	RM	SHORT-LONG	LONG_FORM	1043	1063	resonancia magnética
S1130-14732005000400007-1	SHORT_FORM	892	894	TC	SHORT-LONG	LONG_FORM	866	890	tomografía computarizada
S0212-71992004001100007-1	SHORT_FORM	229	232	ICC	SHORT-LONG	LONG_FORM	194	227	insuficiencia cardiaca congestiva
S0212-71992004001100007-1	SHORT_FORM	1515	1517	EI	SHORT-LONG	LONG_FORM	1490	1513	Endocarditis Infecciosa
S0212-71992004001100007-1	SHORT_FORM	1620	1623	ETE	SHORT-NESTED	NESTED	1604	1618	Transesofágica
S0212-71992004001100007-1	SHORT_FORM	1597	1600	ETT	SHORT-NESTED	NESTED	1582	1595	Transtorácica
S0212-71992004001100007-1	NESTED	1582	1595	Transtorácica	NESTED-LONG	LONG_FORM	1566	1581	Ecocardiografia
S0212-71992004001100007-1	NESTED	1604	1618	Transesofágica	NESTED-LONG	LONG_FORM	1566	1581	Ecocardiografia
S0212-71992004001100007-1	SHORT_FORM	183	186	FAC	SHORT-LONG	LONG_FORM	152	181	fibrilación auricular crónica
S0211-69952012000700028-1	SHORT_FORM	1845	1848	PSA	SHORT-LONG	LONG_FORM	1813	1843	antígeno prostático específico
S0211-69952012000700028-1	SHORT_FORM	3071	3074	NCM	SHORT-LONG	LONG_FORM	3040	3069	nefropatía de cambios mínimos
S0211-69952012000700028-1	SHORT_FORM	1779	1782	CEA	SHORT-LONG	LONG_FORM	1750	1777	antígeno carcinoembrionario
S0365-66912010000600004-1	SHORT_FORM	1715	1718	RMN	SHORT-LONG	LONG_FORM	1685	1713	resonancia magnética nuclear
S1130-01082007000700016-1	SHORT_FORM	454	457	UCI	SHORT-LONG	LONG_FORM	423	452	Unidad de Cuidados Intensivos
S1130-01082005001200011-1	SHORT_FORM	2625	2628	PET	SHORT-LONG	LONG_FORM	2587	2623	tomografía por emisión de positrones
S1130-01082005001200011-1	SHORT_FORM	2672	2675	EEG	SHORT-LONG	LONG_FORM	2650	2670	electroencefalograma
S1130-01082005001200011-1	SHORT_FORM	3038	3041	LCR	SHORT-LONG	LONG_FORM	3013	3036	líquido céfalo-raquídeo
S1130-01082005001200011-1	SHORT_FORM	2577	2580	RMN	SHORT-LONG	LONG_FORM	2546	2575	resonancia magnética cerebral
S0365-66912007001100010-1	SHORT_FORM	82	84	OD	SHORT-LONG	LONG_FORM	69	80	ojo derecho
S0365-66912007001100010-1	SHORT_FORM	59	61	AV	SHORT-LONG	LONG_FORM	43	57	agudeza visual
S0378-48352006000400005-1	SHORT_FORM	1887	1891	A.P.	SHORT-LONG	LONG_FORM	1867	1885	anatomo-patológico
S0378-48352006000400005-1	SHORT_FORM	5943	5945	MU	SHORT-LONG	LONG_FORM	5921	5941	Millones de Unidades
S0378-48352006000400005-1	SHORT_FORM	385	388	TAC	SHORT-LONG	LONG_FORM	353	383	tomografía axial computerizada
S1139-76322011000300008-1	SHORT_FORM	579	582	ECG	SHORT-LONG	LONG_FORM	559	577	electrocardiograma
S0365-66912005001200008-1	SHORT_FORM	731	733	TC	SHORT-LONG	LONG_FORM	705	729	tomografía computarizada
S0365-66912005001200008-1	SHORT_FORM	1251	1254	PIO	SHORT-LONG	LONG_FORM	1230	1249	presión intraocular
S0365-66912005001200008-1	SHORT_FORM	289	291	OD	SHORT-LONG	LONG_FORM	276	287	ojo derecho
S1130-63432015000400006-1	SHORT_FORM	789	793	R.N.	SHORT-LONG	LONG_FORM	771	787	rango normalidad
S1130-63432015000400006-1	SHORT_FORM	369	374	SIADH	SHORT-LONG	LONG_FORM	310	367	Síndrome de Secreción Inadecuada de Hormona Antidiurética
S1698-44472004000100009-1	SHORT_FORM	1848	1852	FISH	SHORT-LONG	LONG_FORM	1807	1846	hibridización in situ con fluorescencia
S1698-44472004000100009-1	SHORT_FORM	1451	1454	NSE	SHORT-LONG	LONG_FORM	1427	1450	enolasa neuroespecífica
S1698-69462006000100019-1	SHORT_FORM	1370	1372	CK	SHORT-LONG	LONG_FORM	1355	1368	citoqueratina
S1698-69462006000100019-1	SHORT_FORM	1379	1382	CEA	SHORT-LONG	LONG_FORM	1384	1411	antígeno carcinoembrionario
S1698-69462006000100019-1	SHORT_FORM	1600	1607	FOLFORI	SHORT-LONG	LONG_FORM	1609	1641	CPT11-5 fluorouracilo-leucovorin
S1698-69462006000100019-1	SHORT_FORM	462	468	FOLFOX	SHORT-LONG	LONG_FORM	470	509	oxaliplatino-5 fluorouracilo-leucovorin
S1135-76062014000300006-1	SHORT_FORM	1166	1169	UCI	SHORT-LONG	LONG_FORM	1135	1164	Unidad de Cuidados Intensivos
S1135-76062014000300006-1	SHORT_FORM	2772	2775	PCR	SHORT-LONG	LONG_FORM	2735	2770	reacción en cadena de la polimerasa
S1135-76062014000300006-1	SHORT_FORM	3059	3062	CMI	SHORT-LONG	LONG_FORM	3025	3057	concentración mínima inhibitoria
S1135-76062014000300006-1	SHORT_FORM	247	251	AINE	SHORT-LONG	LONG_FORM	213	245	antiinflamatorios no esteroideos
S0376-78922015000200010-1	SHORT_FORM	694	697	TAC	SHORT-LONG	LONG_FORM	662	692	tomografía axial computarizada
S0365-66912011001100006-1	SHORT_FORM	250	252	OI	SHORT-LONG	LONG_FORM	235	248	ojo izquierdo
S0365-66912011001100006-1	SHORT_FORM	206	208	OD	SHORT-LONG	LONG_FORM	193	204	ojo derecho
S0365-66912011001100006-1	SHORT_FORM	127	129	AV	SHORT-LONG	LONG_FORM	111	125	agudeza visual
S1139-76322015000300018-1	SHORT_FORM	382	385	Hto	SHORT-LONG	LONG_FORM	369	380	hematocrito
S1139-76322015000300018-1	SHORT_FORM	437	440	PCR	SHORT-LONG	LONG_FORM	416	435	proteína C reactiva
S1139-76322015000300018-1	SHORT_FORM	1679	1682	IgM	SHORT-LONG	LONG_FORM	1660	1677	inmunoglobluina M
S1139-76322015000300018-1	SHORT_FORM	354	356	Hb	SHORT-LONG	LONG_FORM	341	352	hemoglobina
S0211-69952014000100016-1	SHORT_FORM	1858	1862	BLEE	SHORT-LONG	LONG_FORM	1864	1897	β-lactamasa de espectro extendido
S0211-69952016000600552-1	SHORT_FORM	5297	5300	Arg	SHORT-LONG	LONG_FORM	5287	5295	arginina
S0211-69952016000600552-1	SHORT_FORM	5334	5337	His	SHORT-LONG	LONG_FORM	5323	5332	histidina
S0211-69952016000600552-1	SHORT_FORM	5302	5303	R	SHORT-LONG	LONG_FORM	5287	5295	arginina
S0211-69952016000600552-1	SHORT_FORM	5339	5340	H	SHORT-LONG	LONG_FORM	5323	5332	histidina
S0211-69952016000600552-1	SHORT_FORM	5184	5190	ATR-AD	SHORT-LONG	LONG_FORM	5132	5182	acidosis tubular renal distal autosómica dominante
S0211-69952013000200018-1	SHORT_FORM	1843	1846	EEG	SHORT-LONG	LONG_FORM	1821	1841	electroencefalograma
S1130-01082008000900011-1	SHORT_FORM	893	896	USE	SHORT-LONG	LONG_FORM	878	891	ecoendoscopia
S1137-66272008000500007-1	SHORT_FORM	1077	1081	IGIV	SHORT-LONG	LONG_FORM	1047	1075	inmunoglobulinas endovenosas
S1130-63432013000500017-1	SHORT_FORM	560	562	MO	SHORT-LONG	LONG_FORM	547	558	médula ósea
S1130-63432013000500017-1	SHORT_FORM	541	543	SP	SHORT-LONG	LONG_FORM	522	539	sangre periférica
S0210-48062007000500015-1	SHORT_FORM	544	547	RMN	SHORT-LONG	LONG_FORM	514	542	Resonancia Magnética Nuclear
S0365-66912011000400005-1	SHORT_FORM	245	249	FAME	SHORT-LONG	LONG_FORM	204	243	fármacos modificadores de la enfermedad
S0365-66912011000400005-1	SHORT_FORM	55	57	AR	SHORT-LONG	LONG_FORM	34	53	artritis reumatoide
S1139-76322017000100011-1	SHORT_FORM	752	755	INR	SHORT-LONG	LONG_FORM	716	750	cociente internacional normalizado
S1139-76322017000100011-1	SHORT_FORM	1127	1130	LDH	SHORT-LONG	LONG_FORM	1104	1125	lactatodeshidrogenasa
S1139-76322017000100011-1	SHORT_FORM	566	569	VSG	SHORT-LONG	LONG_FORM	529	564	velocidad de sedimentación globular
S0211-69952015000100013-1	SHORT_FORM	128	130	PA	SHORT-LONG	LONG_FORM	110	126	presión arterial
S0211-69952015000100013-1	SHORT_FORM	405	408	ARP	SHORT-LONG	LONG_FORM	373	403	actividad de renina plasmática
S0211-69952015000100013-1	SHORT_FORM	436	438	AP	SHORT-LONG	LONG_FORM	412	434	aldosterona plasmática
S0211-69952015000100013-1	SHORT_FORM	3677	3680	TCY	SHORT-LONG	LONG_FORM	3641	3675	tumor de células yuxtaglomerulares
S0378-48352005000700007-2	SHORT_FORM	634	636	cm	SHORT-LONG	LONG_FORM	621	632	centímetros
S0211-69952013000200019-1	SHORT_FORM	1031	1034	TAC	SHORT-LONG	LONG_FORM	999	1029	tomografía axial computarizada
S0211-69952013000200019-1	SHORT_FORM	590	594	DPCA	SHORT-LONG	LONG_FORM	548	588	diálisis peritoneal continua ambulatoria
S1699-695X2015000100011-1	SHORT_FORM	2434	2436	RM	SHORT-LONG	LONG_FORM	2412	2432	resonancia magnética
S1699-695X2015000100011-1	SHORT_FORM	2353	2356	LCR	SHORT-LONG	LONG_FORM	2328	2351	líquido cefalorraquídeo
S1699-695X2015000100011-1	SHORT_FORM	2562	2565	EEG	SHORT-LONG	LONG_FORM	2540	2560	electroencefalograma
S1699-695X2015000100011-1	SHORT_FORM	4525	4533	ECR-NMDA	SHORT-LONG	LONG_FORM	4470	4523	encefalitis contra los receptores N-metil-D-aspartato
S1699-695X2015000100011-1	SHORT_FORM	1514	1516	PL	SHORT-LONG	LONG_FORM	1498	1512	punción lumbar
S1130-14732005000500006-1	SHORT_FORM	732	734	TP	SHORT-NESTED	NESTED	719	730	protrombina
S1130-14732005000500006-1	NESTED	719	730	protrombina	NESTED-LONG	LONG_FORM	708	718	tiempos de
S1130-14732005000500006-1	SHORT_FORM	774	778	TTPA	SHORT-NESTED	NESTED	741	772	tromboplastina parcial activada
S1130-14732005000500006-1	NESTED	741	772	tromboplastina parcial activada	NESTED-LONG	LONG_FORM	708	718	tiempos de
S1130-14732005000500006-1	SHORT_FORM	533	536	LCR	SHORT-LONG	LONG_FORM	508	531	líquido cefalorraquídeo
S0210-48062005000600012-1	SHORT_FORM	615	617	TC	SHORT-LONG	LONG_FORM	589	613	Tomografía computarizada
S0365-66912011000300005-1	SHORT_FORM	88	90	OI	SHORT-LONG	LONG_FORM	73	86	ojo izquierdo
S0365-66912011000300005-1	SHORT_FORM	259	261	FO	SHORT-LONG	LONG_FORM	245	257	fondo de ojo
S0365-66912011000300005-1	SHORT_FORM	231	233	MM	SHORT-LONG	LONG_FORM	210	229	movimiento de manos
S0365-66912011000300005-1	SHORT_FORM	449	452	OCT	SHORT-LONG	LONG_FORM	416	447	tomografía de coherencia óptica
S0365-66912011000300005-1	SHORT_FORM	66	68	AV	SHORT-LONG	LONG_FORM	50	64	agudeza visual
S1139-76322009000500006-1	SHORT_FORM	647	649	RM	SHORT-LONG	LONG_FORM	625	645	resonancia magnética
S1139-76322009000500006-1	SHORT_FORM	1711	1714	MEN	SHORT-LONG	LONG_FORM	1681	1709	neoplasia endocrina múltiple
S1139-76322009000500006-1	SHORT_FORM	316	318	TC	SHORT-LONG	LONG_FORM	290	314	tomografía computarizada
S1134-80462005000100007-1	SHORT_FORM	1471	1474	BIS	SHORT-LONG	LONG_FORM	1451	1469	índice biespectral
S1134-80462005000100007-1	SHORT_FORM	2866	2868	AL	SHORT-LONG	LONG_FORM	2848	2864	anestésico local
S1134-80462005000100007-1	SHORT_FORM	877	880	ECG	SHORT-LONG	LONG_FORM	857	875	electrocardiograma
S0211-57352013000300011-1	SHORT_FORM	942	945	ILP	SHORT-LONG	LONG_FORM	918	940	incapacitación laboral
S0211-57352013000300011-1	SHORT_FORM	79	82	HSA	SHORT-LONG	LONG_FORM	53	77	Hemorragia Subaracnoidea
S0212-16112011000300031-1	SHORT_FORM	1754	1756	NE	SHORT-LONG	LONG_FORM	1735	1752	nutrición enteral
S0212-16112011000300031-1	SHORT_FORM	1271	1274	IMC	SHORT-LONG	LONG_FORM	1246	1269	índice de masa corporal
S0212-16112011000300031-1	SHORT_FORM	621	624	EDA	SHORT-LONG	LONG_FORM	594	619	endoscopia digestiva alta
S0365-66912012000800004-1	SHORT_FORM	1086	1089	TAC	SHORT-LONG	LONG_FORM	1054	1084	tomografía axial computarizada
S1130-63432014000400016-1	SHORT_FORM	1520	1524	CAPS	SHORT-LONG	LONG_FORM	1472	1518	Síndromes Periódicos Asociados a la Criopirina
S1130-63432014000400016-1	SHORT_FORM	1160	1163	CFT	SHORT-LONG	LONG_FORM	1124	1158	Comisión de Farmacia y Terapéutica
S0365-66912007001200009-1	SHORT_FORM	280	282	OI	SHORT-NESTED	NESTED	269	278	izquierdo
S0365-66912007001200009-1	SHORT_FORM	248	250	OD	SHORT-NESTED	NESTED	239	246	derecho
S0365-66912007001200009-1	NESTED	269	278	izquierdo	NESTED-LONG	LONG_FORM	235	238	ojo
S0365-66912007001200009-1	NESTED	239	246	derecho	NESTED-LONG	LONG_FORM	235	238	ojo
S1130-05582008000300005-1	SHORT_FORM	151	154	FOP	SHORT-LONG	LONG_FORM	112	149	Facultad de Odontología de Piracicaba
S0378-48352006000300006-1	SHORT_FORM	1833	1838	EORTC	SHORT-LONG	LONG_FORM	1846	1904	European Organization for Research and Treatment of Cancer
S0378-48352006000300006-1	SHORT_FORM	1725	1729	ICRU	SHORT-LONG	LONG_FORM	1731	1772	Internacional Comisión on Radiation Units
S0210-48062007000700015-1	SHORT_FORM	1191	1194	TAC	SHORT-LONG	LONG_FORM	1159	1189	tomografía axial computerizada
S0365-66912007001200012-1	SHORT_FORM	1435	1438	ANA	SHORT-LONG	LONG_FORM	1440	1465	Anticuerpos antinucleares
S0365-66912007001200012-1	SHORT_FORM	1474	1477	AMA	SHORT-LONG	LONG_FORM	1479	1509	Anticuerpos antimitocondriales
S0365-66912007001200012-1	SHORT_FORM	1360	1363	GGT	SHORT-LONG	LONG_FORM	1365	1392	gammaglutamiltranspeptidasa
S0365-66912007001200012-1	SHORT_FORM	612	614	AV	SHORT-LONG	LONG_FORM	596	610	agudeza visual
S1134-80462015000300003-1	SHORT_FORM	1308	1310	MG	SHORT-LONG	LONG_FORM	1290	1306	miastenia gravis
S0365-66912006000700011-1	SHORT_FORM	1335	1337	AV	SHORT-LONG	LONG_FORM	1319	1333	agudeza visual
S0365-66912006000700011-1	SHORT_FORM	1439	1441	OD	SHORT-LONG	LONG_FORM	1426	1437	ojo derecho
S0365-66912006000700011-1	SHORT_FORM	1559	1561	OI	SHORT-LONG	LONG_FORM	1544	1557	ojo izquierdo
S0365-66912006000700011-1	SHORT_FORM	1389	1392	PIO	SHORT-LONG	LONG_FORM	1368	1387	presión intraocular
S0004-06142006000600012-1	SHORT_FORM	1055	1058	IHQ	SHORT-LONG	LONG_FORM	1035	1053	inmunohistoquímica
S1130-01082008000300010-1	SHORT_FORM	2202	2205	BTB	SHORT-LONG	LONG_FORM	2178	2200	biopsia transbronquial
S1130-01082008000300010-1	SHORT_FORM	2171	2174	BAL	SHORT-LONG	LONG_FORM	2146	2169	lavado bronquioalveolar
S0211-57352013000300012-1	SHORT_FORM	673	675	GH	SHORT-LONG	LONG_FORM	648	671	hormona del crecimiento
S0211-57352013000300012-1	SHORT_FORM	5996	5999	TEA	SHORT-LONG	LONG_FORM	5964	5994	trastorno del espectro autista
S0211-57352013000300012-1	SHORT_FORM	5757	5759	RM	SHORT-LONG	LONG_FORM	5735	5755	Resonancia Magnética
S0211-57352013000300012-1	SHORT_FORM	5168	5173	ADI-R	SHORT-LONG	LONG_FORM	5115	5166	Entrevista para el diagnóstico del autismo revisada
S0211-57352013000300012-1	SHORT_FORM	5042	5046	WAIS	SHORT-LONG	LONG_FORM	4996	5040	Escala de Inteligencia Wechsler para Adultos
S0211-57352013000300012-1	SHORT_FORM	4499	4502	TOM	SHORT-LONG	LONG_FORM	4479	4497	Teoría de la Mente
S0211-57352013000300012-1	SHORT_FORM	183	188	CSMIJ	SHORT-LONG	LONG_FORM	141	181	Servicio de Salud Mental Infanto-Juvenil
S1130-01082008001000010-1	SHORT_FORM	2168	2172	CPRE	SHORT-LONG	LONG_FORM	2120	2166	colangiopancreatografía retrógrada endoscópica
S1130-01082008001000010-1	SHORT_FORM	1021	1024	USE	SHORT-LONG	LONG_FORM	1006	1019	ecoendoscopia
S1134-80462009000100005-1	SHORT_FORM	183	186	EVA	SHORT-LONG	LONG_FORM	158	181	escala visual analógica
S0365-66912008001000010-1	SHORT_FORM	1051	1053	OD	SHORT-LONG	LONG_FORM	1038	1049	ojo derecho
S0365-66912008001000010-1	SHORT_FORM	1119	1121	OI	SHORT-LONG	LONG_FORM	1104	1117	ojo izquierdo
S0365-66912008001000010-1	SHORT_FORM	1569	1572	RMN	SHORT-LONG	LONG_FORM	1539	1567	resonancia magnética nuclear
S0365-66912008001000010-1	SHORT_FORM	663	666	PIO	SHORT-LONG	LONG_FORM	642	661	presión intraocular
S0365-66912006000600010-2	SHORT_FORM	365	367	OI	SHORT-LONG	LONG_FORM	350	363	ojo izquierdo
S1130-05582007000600006-1	SHORT_FORM	656	658	TC	SHORT-LONG	LONG_FORM	630	654	tomografía computerizada
S1130-05582007000600006-1	SHORT_FORM	2446	2451	HHV 8	SHORT-LONG	LONG_FORM	2418	2444	virus herpes humano tipo 8
S1130-05582007000600006-1	SHORT_FORM	415	418	ECM	SHORT-LONG	LONG_FORM	391	413	esternocleidomastoideo
S0211-69952011000400013-1	SHORT_FORM	2478	2481	ANA	SHORT-LONG	LONG_FORM	2451	2476	anticuerpos antinucleares
S0211-69952011000400013-1	SHORT_FORM	2515	2519	ANCA	SHORT-LONG	LONG_FORM	2484	2513	anticitoplasma de neutrófilos
S0211-69952011000400013-1	SHORT_FORM	1267	1269	TC	SHORT-LONG	LONG_FORM	1241	1265	tomografía computarizada
S0212-71992005001200010-1	SHORT_FORM	2402	2405	TCR	SHORT-LONG	LONG_FORM	2376	2400	receptor del linfocito T
S0365-66912007000700012-1	SHORT_FORM	654	657	PIO	SHORT-LONG	LONG_FORM	633	652	presión intraocular
S0365-66912006001000011-1	SHORT_FORM	551	553	OD	SHORT-LONG	LONG_FORM	538	549	ojo derecho
S0365-66912006001000011-1	SHORT_FORM	582	584	OI	SHORT-LONG	LONG_FORM	567	580	ojo izquierdo
S0365-66912006001000011-1	SHORT_FORM	226	228	AV	SHORT-LONG	LONG_FORM	210	224	agudeza visual
S1139-76322017000100010-1	SHORT_FORM	1230	1233	HLA	SHORT-LONG	LONG_FORM	1205	1228	human leukocyte antigen
S1139-76322017000100010-1	SHORT_FORM	853	856	RMN	SHORT-LONG	LONG_FORM	823	851	resonancia magnética nuclear
S0212-16112012000400060-1	SHORT_FORM	1608	1610	CK	SHORT-LONG	LONG_FORM	1591	1606	creatín quinasa
S1139-76322014000400007-1	SHORT_FORM	2628	2630	RM	SHORT-LONG	LONG_FORM	2606	2626	resonancia magnética
S1137-66272009000300013-1	SHORT_FORM	1353	1356	EEG	SHORT-LONG	LONG_FORM	1332	1351	electrencefalograma
S0212-71992007000300007-1	SHORT_FORM	1666	1669	PET	SHORT-LONG	LONG_FORM	1628	1664	tomografía con emisión de positrones
S0212-71992007000300007-1	SHORT_FORM	1184	1186	TC	SHORT-LONG	LONG_FORM	1152	1182	tomografía axial computarizada
S0212-71992007000300007-1	SHORT_FORM	1212	1214	RM	SHORT-LONG	LONG_FORM	1190	1210	resonancia magnética
S1137-66272006000500012-1	SHORT_FORM	433	436	AAS	SHORT-LONG	LONG_FORM	408	431	ácido acetil-salicílico
S0213-12852005000200004-1	SHORT_FORM	1936	1940	TPHA	SHORT-LONG	LONG_FORM	1901	1934	hematoaglutinación para treponema
S0213-12852005000200004-1	SHORT_FORM	1885	1892	FTA-ABS	SHORT-LONG	LONG_FORM	1836	1883	fluorescente de anticuerpos contra el treponema
S0213-12852005000200004-1	SHORT_FORM	1580	1582	LV	SHORT-LONG	LONG_FORM	1559	1578	leucoplasia vellosa
S0365-66912012000300003-1	SHORT_FORM	121	123	RC	SHORT-LONG	LONG_FORM	102	119	remisión completa
S0365-66912008000700008-1	SHORT_FORM	568	570	OI	SHORT-LONG	LONG_FORM	553	566	ojo izquierdo
S0365-66912008000700008-1	SHORT_FORM	1060	1063	TAC	SHORT-LONG	LONG_FORM	1028	1058	tomografía axial computarizada
S0365-66912008000700008-1	SHORT_FORM	1463	1466	RMN	SHORT-LONG	LONG_FORM	1433	1461	resonancia magnética nuclear
S0365-66912008000700008-1	SHORT_FORM	388	390	AO	SHORT-LONG	LONG_FORM	376	386	ambos ojos
S1130-01082008000800019-1	SHORT_FORM	1079	1081	TC	SHORT-LONG	LONG_FORM	1053	1077	tomografía computerizada
S1137-66272014000100021-1	SHORT_FORM	1394	1397	PFR	SHORT-LONG	LONG_FORM	1361	1392	pruebas de función respiratoria
S1137-66272014000100021-1	SHORT_FORM	1468	1470	TC	SHORT-LONG	LONG_FORM	1442	1466	tomografía computarizada
S1137-66272014000100021-1	SHORT_FORM	2007	2010	BAS	SHORT-LONG	LONG_FORM	1975	2005	broncoaspirados de secreciones
S1137-66272014000100021-1	SHORT_FORM	1098	1100	Rx	SHORT-LONG	LONG_FORM	1085	1096	radiografía
S0376-78922011000200004-1	SHORT_FORM	662	664	IV	SHORT-LONG	LONG_FORM	649	660	intravenosa
S0365-66912007001200013-1	SHORT_FORM	214	216	OD	SHORT-LONG	LONG_FORM	201	212	ojo derecho
S0365-66912007001200013-1	SHORT_FORM	111	113	OI	SHORT-LONG	LONG_FORM	96	109	ojo izquierdo
S0365-66912006001200010-1	SHORT_FORM	559	561	TO	SHORT-LONG	LONG_FORM	543	557	tensión ocular
S0365-66912006001200010-1	SHORT_FORM	310	312	AO	SHORT-LONG	LONG_FORM	298	308	ambos ojos
S1130-01082009000900012-1	SHORT_FORM	571	573	TC	SHORT-LONG	LONG_FORM	545	569	tomografía computerizada
S0211-69952010000400013-1	SHORT_FORM	572	574	TA	SHORT-LONG	LONG_FORM	554	570	tensión arterial
S0211-69952010000400013-1	SHORT_FORM	1481	1483	GN	SHORT-LONG	LONG_FORM	1462	1479	glomerulonefritis
S0211-69952010000400013-1	SHORT_FORM	1100	1102	FR	SHORT-LONG	LONG_FORM	1081	1098	factor reumatoide
S0211-69952010000400013-1	SHORT_FORM	2058	2061	IFd	SHORT-LONG	LONG_FORM	2029	2056	inmunofluorescencia directa
S0211-69952010000400013-1	SHORT_FORM	217	221	AINE	SHORT-LONG	LONG_FORM	183	215	antiinflamatorios no esteroideos
S1130-63432015000500008-1	SHORT_FORM	548	551	RMC	SHORT-LONG	LONG_FORM	517	546	Resonancia Magnética Cerebral
S1130-63432015000500008-1	SHORT_FORM	304	306	PL	SHORT-LONG	LONG_FORM	285	302	periodo de lavado
S0212-71992007000700008-1	SHORT_FORM	2605	2608	ENA	SHORT-LONG	LONG_FORM	2572	2603	antigenos extraíbles del núcleo
S0378-48352006000600006-1	SHORT_FORM	2035	2037	NF	SHORT-LONG	LONG_FORM	2022	2033	Nefrectomía
S0378-48352006000600006-1	SHORT_FORM	525	528	BAC	SHORT-LONG	LONG_FORM	495	523	bloqueo androgénico completo
S1134-80462009000200004-1	SHORT_FORM	774	776	RM	SHORT-LONG	LONG_FORM	752	772	resonancia magnética
S1888-75462014000200009-1	SHORT_FORM	399	411	intervalo PR	SHORT-LONG	LONG_FORM	370	397	intervalo entre ondas P y R
S1888-75462014000200009-1	SHORT_FORM	1254	1257	EEF	SHORT-LONG	LONG_FORM	1226	1252	estudio electrofisiológico
S1888-75462014000200009-1	SHORT_FORM	1573	1575	AV	SHORT-LONG	LONG_FORM	1551	1571	auriculo-ventricular
S1888-75462014000200009-1	SHORT_FORM	1524	1526	RF	SHORT-LONG	LONG_FORM	1507	1522	radiofrecuencia
S1888-75462014000200009-1	SHORT_FORM	1720	1723	BRD	SHORT-LONG	LONG_FORM	1695	1718	bloqueo de rama derecha
S1888-75462014000200009-1	SHORT_FORM	148	152	CAMD	SHORT-LONG	LONG_FORM	108	146	Centro Andaluz de Medicina del Deporte
S0365-66912012000700004-1	SHORT_FORM	261	263	OD	SHORT-LONG	LONG_FORM	248	259	ojo derecho
S0365-66912012000700004-1	SHORT_FORM	292	294	OI	SHORT-LONG	LONG_FORM	277	290	ojo izquierdo
S0365-66912012000700004-1	SHORT_FORM	504	507	OCT	SHORT-LONG	LONG_FORM	471	502	tomografía de coherencia óptica
S0365-66912012000700004-1	SHORT_FORM	95	97	AV	SHORT-LONG	LONG_FORM	79	93	agudeza visual
S1139-76322015000400016-1	SHORT_FORM	2348	2352	UCIP	SHORT-LONG	LONG_FORM	2305	2346	Unidad de Cuidados Intensivos Pediátricos
S1139-76322015000400016-1	SHORT_FORM	1489	1491	RM	SHORT-LONG	LONG_FORM	1467	1487	resonancia magnética
S1135-76062013000200010-1	SHORT_FORM	639	641	TC	SHORT-LONG	LONG_FORM	613	637	tomografía computarizada
S1137-66272011000100013-1	SHORT_FORM	177	180	TBP	SHORT-LONG	LONG_FORM	154	175	tuberculosis pulmonar
S1137-66272011000100013-1	SHORT_FORM	1157	1160	FMP	SHORT-LONG	LONG_FORM	1129	1155	fibrosis masiva progresiva
S1137-66272011000100013-1	SHORT_FORM	1321	1324	LSD	SHORT-LONG	LONG_FORM	1296	1319	lóbulo superior derecho
S1137-66272011000100013-1	SHORT_FORM	1004	1007	TAC	SHORT-LONG	LONG_FORM	972	1002	tomografía axial computerizada
S0210-48062007000100011-1	SHORT_FORM	1160	1165	CK-MB	SHORT-LONG	LONG_FORM	1128	1158	creatinfosfokinasa fracción MB
S0210-48062007000100011-1	SHORT_FORM	1112	1114	CK	SHORT-LONG	LONG_FORM	1092	1110	creatinfosfokinasa
S0365-66912004000900009-1	SHORT_FORM	94	96	OD	SHORT-LONG	LONG_FORM	81	92	ojo derecho
S0365-66912004000900009-1	SHORT_FORM	74	76	AV	SHORT-LONG	LONG_FORM	58	72	agudeza visual
